FIELD,CURRENT ENTRY METHOD,AUTHORITATIVE SOURCE,CAN EXTRACT,CAN COMPUTE,CAN REUSE,NEED PROFESSIONAL CONFIRMATION,TARGET OWNER,CLASSIFICATION,SOURCE FILE:LINE
Budget.item.category,select,Actual financial source / professional estimate,Possible from corresponding source,Totals only; not actual receipt,Existing budget records,Yes: financial status,BudgetSnapshot,CASE_FORM,frontend/src/workspaces/BudgetFoundationView.tsx:66
Budget.item.description,text input,Actual financial source / professional estimate,Possible from corresponding source,Totals only; not actual receipt,Existing budget records,Yes: financial status,BudgetSnapshot,CASE_FORM,frontend/src/workspaces/BudgetFoundationView.tsx:66
Budget.item.quantity,decimal text input from amount(name) helper at line 64,Actual financial source / professional estimate,Possible from corresponding source,Totals only; not actual receipt,Existing budget records,Yes: financial status,BudgetSnapshot,CASE_FORM,frontend/src/workspaces/BudgetFoundationView.tsx:66
Budget.item.unitAmount,decimal text input from amount(name) helper at line 64,Actual financial source / professional estimate,Possible from corresponding source,Totals only; not actual receipt,Existing budget records,Yes: financial status,BudgetSnapshot,CASE_FORM,frontend/src/workspaces/BudgetFoundationView.tsx:66
Budget.effort.hourlyAmount,decimal text input from amount(name) helper at line 64,Actual financial source / professional estimate,Possible from corresponding source,Totals only; not actual receipt,Existing budget records,Yes: financial status,BudgetSnapshot,CASE_FORM,frontend/src/workspaces/BudgetFoundationView.tsx:67
Budget.effort.hours,decimal text input from amount(name) helper at line 64,Actual financial source / professional estimate,Possible from corresponding source,Totals only; not actual receipt,Existing budget records,Yes: financial status,BudgetSnapshot,CASE_FORM,frontend/src/workspaces/BudgetFoundationView.tsx:67
Budget.effort.professional_id,text input,Actual professional or assistant,Possible from corresponding source,Totals only; not actual receipt,ExpertMasterProfile for own identity; assistant only if distinct,Yes: financial status,BudgetSnapshot,MASTER_PROFILE,frontend/src/workspaces/BudgetFoundationView.tsx:67
Budget.travel.amountPerKm,decimal text input from amount(name) helper at line 64,Actual financial source / professional estimate,Possible from corresponding source,Totals only; not actual receipt,Existing budget records,Yes: financial status,BudgetSnapshot,CASE_FORM,frontend/src/workspaces/BudgetFoundationView.tsx:68
Budget.travel.description,text input,Actual financial source / professional estimate,Possible from corresponding source,Totals only; not actual receipt,Existing budget records,Yes: financial status,BudgetSnapshot,CASE_FORM,frontend/src/workspaces/BudgetFoundationView.tsx:68
Budget.travel.distance,decimal text input from amount(name) helper at line 64,Actual financial source / professional estimate,Possible from corresponding source,Only validated route; coordinates alone not traveled distance,Existing budget records,Yes: financial status,BudgetSnapshot,CASE_FORM,frontend/src/workspaces/BudgetFoundationView.tsx:68
Budget.third-party.amount,decimal text input from amount(name) helper at line 64,Actual financial source / professional estimate,Possible from corresponding source,Totals only; not actual receipt,Existing budget records,Yes: financial status,BudgetSnapshot,CASE_FORM,frontend/src/workspaces/BudgetFoundationView.tsx:69
Budget.third-party.provider_description,text input,Actual financial source / professional estimate,Possible from corresponding source,Totals only; not actual receipt,Existing budget records,Yes: financial status,BudgetSnapshot,CASE_FORM,frontend/src/workspaces/BudgetFoundationView.tsx:69
Budget.proposal.amount,decimal text input from amount(name) helper at line 64,Actual financial source / professional estimate,Possible from corresponding source,Suggest estimate sum; proposed value remains explicit choice,Existing budget records,Yes: financial status,BudgetSnapshot,PROFESSIONAL_DECISION,frontend/src/workspaces/BudgetFoundationView.tsx:70
Budget.proposal.rationale,text input,Actual financial source / professional estimate,Possible from corresponding source,Totals only; not actual receipt,Existing budget records,Yes: financial status,BudgetSnapshot,CASE_FORM,frontend/src/workspaces/BudgetFoundationView.tsx:70
Budget.approval.amount,decimal text input from amount(name) helper at line 64,Actual judicial fee approval,Possible from corresponding source,Totals only; not actual receipt,Existing CaseAnalysis decision/provenance; not proposal,Yes: financial status,BudgetSnapshot,EXTRACT_FROM_PROCESS,frontend/src/workspaces/BudgetFoundationView.tsx:71
Budget.approval.decision_date,date input,Actual judicial fee approval decision,Yes if document supplies field,Totals only; not actual receipt,Existing CaseAnalysis decision/provenance; not proposal,Yes: financial status,BudgetSnapshot,EXTRACT_FROM_PROCESS,frontend/src/workspaces/BudgetFoundationView.tsx:71
Budget.approval.external_court_decision_reference,text input,Actual judicial fee approval decision,Yes if document supplies field,Totals only; not actual receipt,Existing CaseAnalysis decision/provenance; not proposal,Yes: financial status,BudgetSnapshot,EXTRACT_FROM_PROCESS,frontend/src/workspaces/BudgetFoundationView.tsx:71
Budget.expense.amount,decimal text input from amount(name) helper at line 64,Actual financial source / professional estimate,Possible from corresponding source,Totals only; not actual receipt,Existing budget records,Yes: financial status,BudgetSnapshot,CASE_FORM,frontend/src/workspaces/BudgetFoundationView.tsx:72
Budget.expense.category,select,Actual financial source / professional estimate,Possible from corresponding source,Totals only; not actual receipt,Existing budget records,Yes: financial status,BudgetSnapshot,CASE_FORM,frontend/src/workspaces/BudgetFoundationView.tsx:72
Budget.expense.date,date input,Actual financial source / professional estimate,Possible from corresponding source,Totals only; not actual receipt,Existing budget records,Yes: financial status,BudgetSnapshot,CASE_FORM,frontend/src/workspaces/BudgetFoundationView.tsx:72
Budget.expense.description,text input,Actual financial source / professional estimate,Possible from corresponding source,Totals only; not actual receipt,Existing budget records,Yes: financial status,BudgetSnapshot,CASE_FORM,frontend/src/workspaces/BudgetFoundationView.tsx:72
Budget.payment.amount,decimal text input from amount(name) helper at line 64,Actual financial source / professional estimate,Possible from corresponding source,Totals only; not actual receipt,Existing budget records,Yes: financial status,BudgetSnapshot,CASE_FORM,frontend/src/workspaces/BudgetFoundationView.tsx:73
Budget.payment.date,date input,Actual financial source / professional estimate,Possible from corresponding source,Totals only; not actual receipt,Existing budget records,Yes: financial status,BudgetSnapshot,CASE_FORM,frontend/src/workspaces/BudgetFoundationView.tsx:73
Budget.payment.reference,text input,Actual financial source / professional estimate,Possible from corresponding source,Totals only; not actual receipt,Existing budget records,Yes: financial status,BudgetSnapshot,CASE_FORM,frontend/src/workspaces/BudgetFoundationView.tsx:73
CaseAnalysis.addressed_counterargument_ids / statement_b_id,select,Current process document and precise source span,Candidate from text; form currently manual,No,Current case documents/items,Yes: source and meaning,CaseAnalysisSnapshot,PROFESSIONAL_DECISION,frontend/src/workspaces/CaseAnalysisView.tsx:84
CaseAnalysis.item_kind,select,Current process document and precise source span,Classifier candidate only; explicit review,No,Current case documents/items,Yes: source and meaning,CaseAnalysisSnapshot,PROFESSIONAL_DECISION,frontend/src/workspaces/CaseAnalysisView.tsx:84
CaseAnalysis.target_claim_ids / addressed_claim_ids / statement_a_id,select,Current process document and precise source span,Candidate from text; form currently manual,No,Current case documents/items,Yes: source and meaning,CaseAnalysisSnapshot,PROFESSIONAL_DECISION,frontend/src/workspaces/CaseAnalysisView.tsx:84
CaseAnalysisView.conflictDimension,text input,Current process document and precise source span,Candidate from text; form currently manual,No,Current case documents/items,Yes: source and meaning,CaseAnalysisSnapshot,PROFESSIONAL_DECISION,frontend/src/workspaces/CaseAnalysisView.tsx:84
CaseAnalysisView.itemText,textarea,Current process document and precise source span,Candidate from text; form currently manual,No,Existing source document/span; avoid manual transcription,Yes: source and meaning,CaseAnalysisSnapshot,EXTRACT_FROM_PROCESS,frontend/src/workspaces/CaseAnalysisView.tsx:84
CaseAnalysisView.locator,text input,Current process document and precise source span,Candidate from text; form currently manual,No,Existing source document/span; avoid manual transcription,Yes: source and meaning,CaseAnalysisSnapshot,EXTRACT_FROM_PROCESS,frontend/src/workspaces/CaseAnalysisView.tsx:84
CaseAnalysisView.sourceDocumentId,select,Current process document and precise source span,Candidate from text; form currently manual,No,Existing source document/span; avoid manual transcription,Yes: source and meaning,CaseAnalysisSnapshot,EXTRACT_FROM_PROCESS,frontend/src/workspaces/CaseAnalysisView.tsx:84
CaseAnalysisView.subjects,text input,Current process document and precise source span,Candidate from text; form currently manual,No,Current case documents/items,Yes: source and meaning,CaseAnalysisSnapshot,PROFESSIONAL_DECISION,frontend/src/workspaces/CaseAnalysisView.tsx:84
CaseAnalysisView.correction,textarea,Current process document and precise source span,Candidate from text; form currently manual,No,Current case documents/items,Yes: source and meaning,CaseAnalysisSnapshot,PROFESSIONAL_DECISION,frontend/src/workspaces/CaseAnalysisView.tsx:88
CaseAnalysisView.reason,text input,Current process document and precise source span,Candidate from text; form currently manual,No,Current case documents/items,Yes: source and meaning,CaseAnalysisSnapshot,PROFESSIONAL_DECISION,frontend/src/workspaces/CaseAnalysisView.tsx:88
CaseAnalysisView.reviewAction,select,Current process document and precise source span,Candidate from text; form currently manual,No,Current case documents/items,Yes: source and meaning,CaseAnalysisSnapshot,PROFESSIONAL_DECISION,frontend/src/workspaces/CaseAnalysisView.tsx:88
CaseAnalysisView.reviewTarget,select,Current process document and precise source span,Candidate from text; form currently manual,No,Current case documents/items,Yes: source and meaning,CaseAnalysisSnapshot,PROFESSIONAL_DECISION,frontend/src/workspaces/CaseAnalysisView.tsx:88
CaseAnalysisView.reviewer,editable identity; prefilled from workspace profile,Existing ExpertMasterProfile.profile_id (workspace-scoped today),No,Server-owned identity; no routine manual ID entry,Existing useExpertIdentity/usePrefilledProfessional,Choose actual acting professional; reuse own profile,ExpertMasterProfile identity reference,MASTER_PROFILE,frontend/src/workspaces/CaseAnalysisView.tsx:88
ConstructionDefectAnalysisView.observationId,select,Actual inspection and professional classification,No automatic technical classification,Options from current snapshots,Select existing canonical records; do not retype source facts,Yes,ConstructionDefectAnalysis,PROFESSIONAL_DECISION,frontend/src/workspaces/ConstructionDefectAnalysisView.tsx:230
ConstructionDefectAnalysisView.manifestation,text input,Explicit professional classification of current evidence,Candidate only; raw text is not classified manifestation,No,Existing inspection/analysis records,Yes,ConstructionDefectAnalysis,PROFESSIONAL_DECISION,frontend/src/workspaces/ConstructionDefectAnalysisView.tsx:231
ConstructionDefectAnalysisView.outcome,select,Explicit professional classification of current evidence,Candidate only; raw text is not classified manifestation,No,Existing inspection/analysis records,Yes,ConstructionDefectAnalysis,PROFESSIONAL_DECISION,frontend/src/workspaces/ConstructionDefectAnalysisView.tsx:232
ConstructionDefectAnalysisView.methodId,select,Actual inspection and professional classification,No automatic technical classification,Options from current snapshots,Select existing canonical records; do not retype source facts,Yes,ConstructionDefectAnalysis,PROFESSIONAL_DECISION,frontend/src/workspaces/ConstructionDefectAnalysisView.tsx:233
ConstructionDefectAnalysisView.element,text input,Explicit professional classification of current evidence,Candidate only; raw text is not classified manifestation,No,Existing inspection/analysis records,Yes,ConstructionDefectAnalysis,PROFESSIONAL_DECISION,frontend/src/workspaces/ConstructionDefectAnalysisView.tsx:234
ConstructionDefectAnalysisView.system,text input,Explicit professional classification of current evidence,Candidate only; raw text is not classified manifestation,No,Existing inspection/analysis records,Yes,ConstructionDefectAnalysis,PROFESSIONAL_DECISION,frontend/src/workspaces/ConstructionDefectAnalysisView.tsx:234
ConstructionDefectAnalysis.measurement_ids[],checkbox per available measurement,Actual inspection and professional classification,No automatic technical classification,Options from current snapshots,Select existing canonical records; do not retype source facts,Yes,ConstructionDefectAnalysis,PROFESSIONAL_DECISION,frontend/src/workspaces/ConstructionDefectAnalysisView.tsx:235
ConstructionDefectAnalysis.photo_ids[],checkbox per available inspection photo,Actual inspection and professional classification,No automatic technical classification,Options from current snapshots,Select existing canonical records; do not retype source facts,Yes,ConstructionDefectAnalysis,PROFESSIONAL_DECISION,frontend/src/workspaces/ConstructionDefectAnalysisView.tsx:236
ConstructionDefectAnalysisView.claimId,select,Actual inspection and professional classification,No automatic technical classification,Options from current snapshots,Select existing canonical records; do not retype source facts,Yes,ConstructionDefectAnalysis,PROFESSIONAL_DECISION,frontend/src/workspaces/ConstructionDefectAnalysisView.tsx:237
ConstructionDefectAnalysisView.questionId,select,Actual inspection and professional classification,No automatic technical classification,Options from current snapshots,Select existing canonical records; do not retype source facts,Yes,ConstructionDefectAnalysis,PROFESSIONAL_DECISION,frontend/src/workspaces/ConstructionDefectAnalysisView.tsx:238
ConstructionDefectAnalysis.responsible_professional,readOnly display input,InspectionSession.responsible_professional,No automatic technical classification,No,Already reuses session identity,No new identity entry,InspectionSession / ExpertMasterProfile reference,SHOULD_NOT_BE_USER_EDITABLE,frontend/src/workspaces/ConstructionDefectAnalysisView.tsx:243
ConstructionDefectAnalysisView.reviewAction,select,Actual inspection and professional classification,No automatic technical classification,No,Existing inspection/analysis records,Yes,ConstructionDefectAnalysis,PROFESSIONAL_DECISION,frontend/src/workspaces/ConstructionDefectAnalysisView.tsx:243
ConstructionDefectAnalysisView.reviewPatId,select,Actual inspection and professional classification,No automatic technical classification,Options from current snapshots,Select existing canonical records; do not retype source facts,Yes,ConstructionDefectAnalysis,PROFESSIONAL_DECISION,frontend/src/workspaces/ConstructionDefectAnalysisView.tsx:243
ConstructionDefectAnalysisView.reviewReason,textarea,Actual inspection and professional classification,No automatic technical classification,No,Existing inspection/analysis records,Yes,ConstructionDefectAnalysis,PROFESSIONAL_DECISION,frontend/src/workspaces/ConstructionDefectAnalysisView.tsx:243
Delivery.supporting_file,local file picker,Approved report and actual selected local file,File facts only,Identifiers/hash/size,Existing report/package/template,Yes: choice/transition,DeliverySnapshot,CASE_FORM,frontend/src/workspaces/DeliveryFoundationView.tsx:147
Delivery.supporting_role,select,Approved report and actual selected local file,File facts only,Identifiers/hash/size,Existing report/package/template,Yes: choice/transition,DeliverySnapshot,PRESENTATION_ONLY,frontend/src/workspaces/DeliveryFoundationView.tsx:147
DeliveryFoundationView.reason,textarea,Approved report and actual selected local file,No,No,Existing report/package/template,Yes: choice/transition,DeliverySnapshot,PROFESSIONAL_DECISION,frontend/src/workspaces/DeliveryFoundationView.tsx:149
Delivery.template_file,local file picker,Approved report and actual selected local file,File facts only,Identifiers/hash/size,Existing default/custom verified template,Yes: choice/transition,DeliverySnapshot,PRESENTATION_ONLY,frontend/src/workspaces/DeliveryFoundationView.tsx:167
Delivery.template_id,text input,TEMPLATE_ID custom property in selected Word file,Yes in principle; current UI requires typing,Read/validate identity; do not invent,Existing verified template/manifest,No routine technical ID transcription,DeliverySnapshot,SHOULD_NOT_BE_USER_EDITABLE,frontend/src/workspaces/DeliveryFoundationView.tsx:167
InspectionSession.location_context,text input,Actual venue + confirmed SITE_LOCATION,Not from allegations or planned work,No,SITE_LOCATION address/ref plus session context; no duplicate coordinates,Yes: actual occurrence,InspectionSession,INSPECTION_FORM,frontend/src/workspaces/InspectionSessionView.tsx:100
InspectionSession.participant_references[],text input,People actually present,Not from allegations or planned work,No,CaseAnalysis identities as candidates; party list is not attendance,Yes: actual occurrence,InspectionSession,INSPECTION_FORM,frontend/src/workspaces/InspectionSessionView.tsx:100
InspectionSessionView.responsible,editable identity; prefilled from workspace profile,Existing ExpertMasterProfile.profile_id (workspace-scoped today),No,Server-owned identity; no routine manual ID entry,Existing useExpertIdentity/usePrefilledProfessional,Choose actual acting professional; reuse own profile,ExpertMasterProfile identity reference,MASTER_PROFILE,frontend/src/workspaces/InspectionSessionView.tsx:100
InspectionSessionView.accessDescription,textarea,Actual field event or contemporaneous record,Not from allegations or planned work,No,Existing session records for same event,Yes: actual occurrence,InspectionSession,INSPECTION_FORM,frontend/src/workspaces/InspectionSessionView.tsx:137
InspectionSessionView.accessOutcome,select,Actual field event or contemporaneous record,Not from allegations or planned work,No,Existing session records for same event,Yes: actual occurrence,InspectionSession,INSPECTION_FORM,frontend/src/workspaces/InspectionSessionView.tsx:137
InspectionSessionView.instrumentCapability,text input,Actual instrument label/specification,Possible verified instrument record import,No,Existing same instrument identity/model/serial/capability,Yes: actual occurrence,InspectionSession.instruments[],INSPECTION_FORM,frontend/src/workspaces/InspectionSessionView.tsx:157
InspectionSessionView.measurementRawObservation,textarea,Actual field event or contemporaneous record,Not from allegations or planned work,No,Existing session records for same event,Yes: actual occurrence,InspectionSession,INSPECTION_FORM,frontend/src/workspaces/InspectionSessionView.tsx:157
InspectionSessionView.methodProcedure,textarea,Method actually applied,Not from allegations or planned work,No,Existing method definition; confirm actual procedure/application,Yes: actual occurrence,InspectionSession.methods[],INSPECTION_FORM,frontend/src/workspaces/InspectionSessionView.tsx:157
InspectionSessionView.limitationKind,select,Actual field event or contemporaneous record,Not from allegations or planned work,No,Existing session records for same event,Yes: actual occurrence,InspectionSession,INSPECTION_FORM,frontend/src/workspaces/InspectionSessionView.tsx:158
InspectionSessionView.observationType,select,Actual field event or contemporaneous record,Not from allegations or planned work,No,Existing session records for same event,Yes: actual occurrence,InspectionSession,INSPECTION_FORM,frontend/src/workspaces/InspectionSessionView.tsx:158
InspectionSessionView.statementRole,text input,Actual field event or contemporaneous record,Not from allegations or planned work,No,Existing participant identity/declared role; never claimant=>owner,Yes: actual occurrence,InspectionSession,INSPECTION_FORM,frontend/src/workspaces/InspectionSessionView.tsx:158
InspectionSessionView.statementSpeaker,text input,Actual field event or contemporaneous record,Not from allegations or planned work,No,Existing participant identity/declared role; never claimant=>owner,Yes: actual occurrence,InspectionSession,INSPECTION_FORM,frontend/src/workspaces/InspectionSessionView.tsx:158
InspectionSessionView.statementText,textarea,"Faithful actual third-party statement, remains statement",Actual recorded statement only; process allegation is not field speech,No,Existing session records for same event,Yes: actual occurrence,InspectionSession,INSPECTION_FORM,frontend/src/workspaces/InspectionSessionView.tsx:158
InspectionSession.PhotoRecord.caption,text input,Actual field event or contemporaneous record,Not from allegations or planned work,No,Existing caption may seed library; preserve inspection item provenance,Yes: actual occurrence,InspectionSession,INSPECTION_FORM,frontend/src/workspaces/InspectionSessionView.tsx:159
InspectionSession.PhotoRecord.original_file,local file picker,Actual field event or contemporaneous record,Not from allegations or planned work,Uploaded content_id/SHA-256,Same content store as PhotoLibrary; association currently separate,Yes: actual occurrence,InspectionSession,INSPECTION_FORM,frontend/src/workspaces/InspectionSessionView.tsx:159
InspectionSessionView.instrumentIdentity,text input,Actual instrument label/specification,Possible verified instrument record import,No,Existing same instrument identity/model/serial/capability,Yes: actual occurrence,InspectionSession.instruments[],INSPECTION_FORM,frontend/src/workspaces/InspectionSessionView.tsx:159
InspectionSessionView.instrumentModel,text input,Actual instrument label/specification,Possible verified instrument record import,No,Existing same instrument identity/model/serial/capability,Yes: actual occurrence,InspectionSession.instruments[],INSPECTION_FORM,frontend/src/workspaces/InspectionSessionView.tsx:159
InspectionSessionView.instrumentSerial,text input,Actual instrument label/specification,Possible verified instrument record import,No,Existing same instrument identity/model/serial/capability,Yes: actual occurrence,InspectionSession.instruments[],INSPECTION_FORM,frontend/src/workspaces/InspectionSessionView.tsx:159
InspectionSessionView.itemState,select,Actual field event or contemporaneous record,Not from allegations or planned work,No,Existing session records for same event,Yes: actual occurrence,InspectionSession,INSPECTION_FORM,frontend/src/workspaces/InspectionSessionView.tsx:159
InspectionSessionView.limitation,textarea,Actual field event or contemporaneous record,Not from allegations or planned work,No,Existing session records for same event,Yes: actual occurrence,InspectionSession,INSPECTION_FORM,frontend/src/workspaces/InspectionSessionView.tsx:159
InspectionSessionView.measurementQuantity,text input,Actual field event or contemporaneous record,Not from allegations or planned work,No,Existing session records for same event,Yes: actual occurrence,InspectionSession,INSPECTION_FORM,frontend/src/workspaces/InspectionSessionView.tsx:159
InspectionSessionView.measurementUnit,text input,Actual field event or contemporaneous record,Not from allegations or planned work,No,Existing session records for same event,Yes: actual occurrence,InspectionSession,INSPECTION_FORM,frontend/src/workspaces/InspectionSessionView.tsx:159
InspectionSessionView.measurementValue,text input,Actual field event or contemporaneous record,Not from allegations or planned work,No,Existing session records for same event,Yes: actual occurrence,InspectionSession,INSPECTION_FORM,frontend/src/workspaces/InspectionSessionView.tsx:159
InspectionSessionView.methodName,text input,Method actually applied,Not from allegations or planned work,No,Existing method definition; confirm actual procedure/application,Yes: actual occurrence,InspectionSession.methods[],INSPECTION_FORM,frontend/src/workspaces/InspectionSessionView.tsx:159
InspectionSessionView.note,textarea,Actual field event or contemporaneous record,Not from allegations or planned work,No,Existing session records for same event,Yes: actual occurrence,InspectionSession,INSPECTION_FORM,frontend/src/workspaces/InspectionSessionView.tsx:159
InspectionSessionView.observation,textarea,Actual field event or contemporaneous record,Not from allegations or planned work,No,Existing session records for same event,Yes: actual occurrence,InspectionSession,INSPECTION_FORM,frontend/src/workspaces/InspectionSessionView.tsx:159
MaterialIntake.original_pdf,local file picker,Selected original local PDF,File facts/text extraction,Hash/id/size,Existing document inventory,User selects correct file,Material/PJe inventory,CASE_FORM,frontend/src/workspaces/MaterialIntakeView.tsx:127
PericialPlanning.title,text input,User planning label,No,No,Existing analysis/planning records,No technical confirmation,PericialPlanningSnapshot,PRESENTATION_ONLY,frontend/src/workspaces/PericialPlanningView.tsx:59
PericialPlanningView.action,select,Reviewed analysis and professional plan,No,No,Existing analysis/planning records,Yes,PericialPlanningSnapshot,PROFESSIONAL_DECISION,frontend/src/workspaces/PericialPlanningView.tsx:90
PericialPlanningView.modified,textarea,Reviewed analysis and professional plan,No,No,Existing analysis/planning records,Yes,PericialPlanningSnapshot,PROFESSIONAL_DECISION,frontend/src/workspaces/PericialPlanningView.tsx:90
PericialPlanningView.reason,textarea,Reviewed analysis and professional plan,No,No,Existing analysis/planning records,Yes,PericialPlanningSnapshot,PROFESSIONAL_DECISION,frontend/src/workspaces/PericialPlanningView.tsx:90
PericialPlanningView.reviewer,editable identity; prefilled from workspace profile,Existing ExpertMasterProfile.profile_id (workspace-scoped today),No,Server-owned identity; no routine manual ID entry,Existing useExpertIdentity/usePrefilledProfessional,Choose actual acting professional; reuse own profile,ExpertMasterProfile identity reference,MASTER_PROFILE,frontend/src/workspaces/PericialPlanningView.tsx:90
PhotoLibrary.original_files[],multiple local JPEG/PNG picker,Actual original photo / professional description,EXIF facts only; not caption,Hash/dimensions/id,Existing originals/content store; library hash deduplication,Yes: source and association,PhotoLibrary,INSPECTION_FORM,frontend/src/workspaces/PhotoLibraryPanel.tsx:123
PhotoLibrary.search_query,search input,User filter/search preference,No,Filter existing library,Existing captions/tags/selections,No,Transient photo view state,PRESENTATION_ONLY,frontend/src/workspaces/PhotoLibraryPanel.tsx:131
PhotoLibrary.tag_filter,select,User filter/search preference,No,Filter existing library,Existing captions/tags/selections,No,Transient photo view state,PRESENTATION_ONLY,frontend/src/workspaces/PhotoLibraryPanel.tsx:132
PhotoLibrary.only_selected_filter,checkbox,User filter/search preference,No,Filter existing library,Existing captions/tags/selections,No,Transient photo view state,PRESENTATION_ONLY,frontend/src/workspaces/PhotoLibraryPanel.tsx:133
PhotoLibrary.photos[].caption,text input,Actual original photo / professional description,EXIF facts only; not caption,Hash/dimensions/id,Existing PhotoLibrary/original content store,Yes: source and association,PhotoLibrary,INSPECTION_FORM,frontend/src/workspaces/PhotoLibraryPanel.tsx:159
PhotoLibrary.photos[].tags[],text input,Actual original photo / professional description,EXIF facts only; not caption,Hash/dimensions/id,Existing PhotoLibrary/original content store,Editorial curation,PhotoLibrary,PRESENTATION_ONLY,frontend/src/workspaces/PhotoLibraryPanel.tsx:160
PhotoLibrary.photos[].use_in_report,checkbox,Actual original photo / professional description,EXIF facts only; not caption,Hash/dimensions/id,Existing PhotoLibrary/original content store,Intentional inclusion; not automatic technical finding approval,PhotoLibrary,PROFESSIONAL_DECISION,frontend/src/workspaces/PhotoLibraryPanel.tsx:163
PhotoLibrary.photos[].report_section,select,Actual original photo / professional description,EXIF facts only; not caption,Hash/dimensions/id,Existing PhotoLibrary/original content store,Editorial curation,PhotoLibrary,PRESENTATION_ONLY,frontend/src/workspaces/PhotoLibraryPanel.tsx:166
PjeIntake.documents[].available,checkbox per indexed document,Actual available original document,Inventory presence only,No,Existing PJe document entry,Yes: actual availability,PJeIntake,CASE_FORM,frontend/src/workspaces/PjeDocumentAvailability.tsx:72
ProcessCaseData.numero_processo,text; confident extraction prefill; correction/source review,ProcessMetadata evidence / confirmed ProcessCase,Yes: existing local extraction/review,Supported CNJ/registry derivations only,Canonical process record; report should bind revision/provenance,Yes: confirmation/conflicts,ProcessCaseData,EXTRACT_FROM_PROCESS,frontend/src/workspaces/ProcessCaseView.tsx:30
ProcessCaseData.ramo_justica,text; confident extraction prefill; correction/source review,ProcessMetadata evidence / confirmed ProcessCase,Yes: existing local extraction/review,Supported CNJ/registry derivations only,Canonical process record; report should bind revision/provenance,Yes: confirmation/conflicts,ProcessCaseData,EXTRACT_FROM_PROCESS,frontend/src/workspaces/ProcessCaseView.tsx:31
ProcessCaseData.tribunal,text; confident extraction prefill; correction/source review,ProcessMetadata evidence / confirmed ProcessCase,Yes: existing local extraction/review,Supported CNJ/registry derivations only,Canonical process record; report should bind revision/provenance,Yes: confirmation/conflicts,ProcessCaseData,EXTRACT_FROM_PROCESS,frontend/src/workspaces/ProcessCaseView.tsx:32
ProcessCaseData.vara,text; confident extraction prefill; correction/source review,ProcessMetadata evidence / confirmed ProcessCase,Yes: existing local extraction/review,Supported CNJ/registry derivations only,Canonical process record; report should bind revision/provenance,Yes: confirmation/conflicts,ProcessCaseData,EXTRACT_FROM_PROCESS,frontend/src/workspaces/ProcessCaseView.tsx:33
ProcessCaseData.municipio_sede,text; confident extraction prefill; correction/source review,ProcessMetadata evidence / confirmed ProcessCase,Yes: existing local extraction/review,Supported CNJ/registry derivations only,Canonical process record; report should bind revision/provenance,Yes: confirmation/conflicts,ProcessCaseData,EXTRACT_FROM_PROCESS,frontend/src/workspaces/ProcessCaseView.tsx:34
ProcessCaseData.subsecao_judiciaria,text; confident extraction prefill; correction/source review,ProcessMetadata evidence / confirmed ProcessCase,Yes: existing local extraction/review,Supported CNJ/registry derivations only,Canonical process record; report should bind revision/provenance,Yes: confirmation/conflicts,ProcessCaseData,EXTRACT_FROM_PROCESS,frontend/src/workspaces/ProcessCaseView.tsx:35
ProcessCaseData.comarca_municipio,text; confident extraction prefill; correction/source review,ProcessMetadata evidence / confirmed ProcessCase,Yes: existing local extraction/review,Supported CNJ/registry derivations only,Canonical process record; report should bind revision/provenance,Yes: confirmation/conflicts,ProcessCaseData,EXTRACT_FROM_PROCESS,frontend/src/workspaces/ProcessCaseView.tsx:36
ProcessCaseData.uf,text; confident extraction prefill; correction/source review,ProcessMetadata evidence / confirmed ProcessCase,Yes: existing local extraction/review,Supported CNJ/registry derivations only,Canonical process record; report should bind revision/provenance,Yes: confirmation/conflicts,ProcessCaseData,EXTRACT_FROM_PROCESS,frontend/src/workspaces/ProcessCaseView.tsx:37
ProcessCaseData.parte_requerente,text; confident extraction prefill; correction/source review,ProcessMetadata evidence / confirmed ProcessCase,Yes: existing local extraction/review,No: party is not property owner,Canonical process record; report should bind revision/provenance,Yes: confirmation/conflicts,ProcessCaseData,EXTRACT_FROM_PROCESS,frontend/src/workspaces/ProcessCaseView.tsx:38
ProcessCaseData.parte_requerida,text; confident extraction prefill; correction/source review,ProcessMetadata evidence / confirmed ProcessCase,Yes: existing local extraction/review,No: party is not property owner,Canonical process record; report should bind revision/provenance,Yes: confirmation/conflicts,ProcessCaseData,EXTRACT_FROM_PROCESS,frontend/src/workspaces/ProcessCaseView.tsx:39
"ProcessMetadata party source span [start,end]",source textarea edit blocked; user selects a range,Immutable evidence.source_text and revision/fingerprint,Existing text; user resolves ambiguous party span,UTF-16 selection to code-point offsets,Existing evidence and ProcessCase party field,Yes: exact source span,ProcessCaseData,EXTRACT_FROM_PROCESS,frontend/src/workspaces/ProcessCaseView.tsx:517
ReportFoundationView.profile.contact_line,text input,Professional verified identity/registration/contact,Optional verified profile import; not case parties,No,Existing schema; currently stored per workspace,Yes: profile once; explicit changes,ExpertMasterProfile (cross-workspace persistence gap),MASTER_PROFILE,frontend/src/workspaces/ReportFoundationView.tsx:128
ReportFoundationView.profile.court_registration,text input,Professional verified identity/registration/contact,Optional verified profile import; not case parties,No,Existing schema; currently stored per workspace,Yes: profile once; explicit changes,ExpertMasterProfile (cross-workspace persistence gap),MASTER_PROFILE,frontend/src/workspaces/ReportFoundationView.tsx:128
ReportFoundationView.profile.full_name,text input,Professional verified identity/registration/contact,Optional verified profile import; not case parties,No,Existing schema; currently stored per workspace,Yes: profile once; explicit changes,ExpertMasterProfile (cross-workspace persistence gap),MASTER_PROFILE,frontend/src/workspaces/ReportFoundationView.tsx:128
ReportFoundationView.profile.professional_title,text input,Professional verified identity/registration/contact,Optional verified profile import; not case parties,No,Existing schema; currently stored per workspace,Yes: profile once; explicit changes,ExpertMasterProfile (cross-workspace persistence gap),MASTER_PROFILE,frontend/src/workspaces/ReportFoundationView.tsx:128
ReportFoundationView.profile.registration,text input,Professional verified identity/registration/contact,Optional verified profile import; not case parties,No,Existing schema; currently stored per workspace,Yes: profile once; explicit changes,ExpertMasterProfile (cross-workspace persistence gap),MASTER_PROFILE,frontend/src/workspaces/ReportFoundationView.tsx:128
ReportSnapshot.claims[].text,textarea,Bound current source and professional writing,Candidate from chosen source,No technical conclusion,Existing report/source catalog,Yes: meaning and provenance,ReportSnapshot,PROFESSIONAL_DECISION,frontend/src/workspaces/ReportFoundationView.tsx:210
ReportClaim figure/table cross-reference insertion,select,ReportSnapshot.figures/findings_table,Candidate from chosen source,Stable marker resolves final ordinal,Existing generated targets; no manual number re-entry,Editorial target choice,ReportSnapshot,COMPUTED,frontend/src/workspaces/ReportFoundationView.tsx:212
ReportClaim bibliographic citation insertion,select,Selected ReportReference,Candidate from chosen source,Existing referenceCitation author/date,Existing reference entry,Professional applicability choice,ReportSnapshot,COMPUTED,frontend/src/workspaces/ReportFoundationView.tsx:214
ReportReference.kind,select,Actual consulted standard/law/work with version,Metadata candidate possible; current UI manual,Citation/list format only,Existing ReportReference; global library not implemented,Yes: identity/version/applicability,ReportSnapshot.references[] / ReportReference,CASE_FORM,frontend/src/workspaces/ReportFoundationView.tsx:359
ReportReference.author,text input,Actual consulted standard/law/work with version,Metadata candidate possible; current UI manual,Citation/list format only,Existing ReportReference; global library not implemented,Yes: identity/version/applicability,ReportSnapshot.references[] / ReportReference,CASE_FORM,frontend/src/workspaces/ReportFoundationView.tsx:360
ReportReference.identifier,text input,Actual consulted standard/law/work with version,Metadata candidate possible; current UI manual,Citation/list format only,Existing ReportReference; global library not implemented,Yes: identity/version/applicability,ReportSnapshot.references[] / ReportReference,CASE_FORM,frontend/src/workspaces/ReportFoundationView.tsx:361
ReportReference.title,text input,Actual consulted standard/law/work with version,Metadata candidate possible; current UI manual,Citation/list format only,Existing ReportReference; global library not implemented,Yes: identity/version/applicability,ReportSnapshot.references[] / ReportReference,CASE_FORM,frontend/src/workspaces/ReportFoundationView.tsx:362
ReportReference.year,text input,Actual consulted standard/law/work with version,Metadata candidate possible; current UI manual,Citation/list format only,Existing ReportReference; global library not implemented,Yes: identity/version/applicability,ReportSnapshot.references[] / ReportReference,CASE_FORM,frontend/src/workspaces/ReportFoundationView.tsx:363
ReportReference.details,text input,Actual consulted standard/law/work with version,Metadata candidate possible; current UI manual,Citation/list format only,Existing ReportReference; global library not implemented,Yes: identity/version/applicability,ReportSnapshot.references[] / ReportReference,CASE_FORM,frontend/src/workspaces/ReportFoundationView.tsx:364
ReportClaim.source_kind,select,Bound current source and professional writing,Candidate from chosen source,No technical conclusion,Existing ReportSourceCatalog; source ids/revisions,Yes: meaning and provenance,ReportSnapshot,PROFESSIONAL_DECISION,frontend/src/workspaces/ReportFoundationView.tsx:386
ReportClaim.source_id,select,Bound current source and professional writing,Candidate from chosen source,No technical conclusion,Existing ReportSourceCatalog; source ids/revisions,Yes: meaning and provenance,ReportSnapshot,PROFESSIONAL_DECISION,frontend/src/workspaces/ReportFoundationView.tsx:387
ReportClaim.text (add),textarea,Bound current source and professional writing,Candidate from chosen source,No technical conclusion,Chosen source label prefills only empty text; preserve original authority,Yes: meaning and provenance,ReportSnapshot,PROFESSIONAL_DECISION,frontend/src/workspaces/ReportFoundationView.tsx:388
ReportAnswer.text (edit),textarea,Bound current source and professional writing,Candidate from chosen source,No technical conclusion,Existing report/source catalog,Yes: meaning and provenance,ReportSnapshot,PROFESSIONAL_DECISION,frontend/src/workspaces/ReportFoundationView.tsx:432
ReportAnswer.finding_id,select,Effective finding linked to actual question,Candidate from chosen source,No technical conclusion,Existing question-to-finding links,Yes: meaning and provenance,ReportSnapshot,PROFESSIONAL_DECISION,frontend/src/workspaces/ReportFoundationView.tsx:440
ReportAnswer.text (create),textarea,Bound current source and professional writing,Candidate from chosen source,No technical conclusion,Existing report/source catalog,Yes: meaning and provenance,ReportSnapshot,PROFESSIONAL_DECISION,frontend/src/workspaces/ReportFoundationView.tsx:444
"ReportContext[{PROCESS_NUMBER,COURT,PARTIES,ADDRESSES,CLAIM_AND_GROUNDS,REQUESTS}].source_id",select,CaseAnalysis document/participant/decision/claim/question catalog,Candidate from chosen source,No technical conclusion,Existing sources; first three should consume confirmed ProcessCase provenance,Yes: meaning and provenance,ReportSnapshot,EXTRACT_FROM_PROCESS,frontend/src/workspaces/ReportFoundationView.tsx:485
"ReportContext[{PROCESS_NUMBER,COURT,PARTIES,ADDRESSES,CLAIM_AND_GROUNDS,REQUESTS}].note",textarea,ProcessCase for identity; explicit address evidence; CaseAnalysis grounds/requests,Yes documentary facts; candidate only for synthesis,Format confirmed canonical facts,Current duplicate entry gap: use canonical fields with revision/provenance,Yes meaning/source; never claimant=>owner or party address=>site,ReportSnapshot,EXTRACT_FROM_PROCESS,frontend/src/workspaces/ReportFoundationView.tsx:486
ReportFoundationView.draft.font_family,select,Existing product preset / explicit typography preference,No,No,Existing EditorialProfile preset,No technical confirmation,ReportSnapshot.editorial_profile,PRESENTATION_ONLY,frontend/src/workspaces/ReportFoundationView.tsx:537
EditorialProfile.body_font_pt,number input via field()/heading() helper,Existing product preset / explicit typography preference,No,No,Existing EditorialProfile preset,No technical confirmation,ReportSnapshot.editorial_profile,PRESENTATION_ONLY,frontend/src/workspaces/ReportFoundationView.tsx:538
ReportFoundationView.draft.alignment,select,Existing product preset / explicit typography preference,No,No,Existing EditorialProfile preset,No technical confirmation,ReportSnapshot.editorial_profile,PRESENTATION_ONLY,frontend/src/workspaces/ReportFoundationView.tsx:539
ReportFoundationView.String(draft.line_spacing),select,Existing product preset / explicit typography preference,No,No,Existing EditorialProfile preset,No technical confirmation,ReportSnapshot.editorial_profile,PRESENTATION_ONLY,frontend/src/workspaces/ReportFoundationView.tsx:540
EditorialProfile.first_line_indent_cm,number input via field()/heading() helper,Existing product preset / explicit typography preference,No,No,Existing EditorialProfile preset,No technical confirmation,ReportSnapshot.editorial_profile,PRESENTATION_ONLY,frontend/src/workspaces/ReportFoundationView.tsx:541
EditorialProfile.paragraph_space_after_pt,number input via field()/heading() helper,Existing product preset / explicit typography preference,No,No,Existing EditorialProfile preset,No technical confirmation,ReportSnapshot.editorial_profile,PRESENTATION_ONLY,frontend/src/workspaces/ReportFoundationView.tsx:542
EditorialProfile.heading1_pt,number input via field()/heading() helper,Existing product preset / explicit typography preference,No,No,Existing EditorialProfile preset,No technical confirmation,ReportSnapshot.editorial_profile,PRESENTATION_ONLY,frontend/src/workspaces/ReportFoundationView.tsx:545
EditorialProfile.heading2_pt,number input via field()/heading() helper,Existing product preset / explicit typography preference,No,No,Existing EditorialProfile preset,No technical confirmation,ReportSnapshot.editorial_profile,PRESENTATION_ONLY,frontend/src/workspaces/ReportFoundationView.tsx:546
EditorialProfile.heading3_pt,number input via field()/heading() helper,Existing product preset / explicit typography preference,No,No,Existing EditorialProfile preset,No technical confirmation,ReportSnapshot.editorial_profile,PRESENTATION_ONLY,frontend/src/workspaces/ReportFoundationView.tsx:547
ReportFoundationView.typography.headings_bold,checkbox,Existing product preset / explicit typography preference,No,No,Existing EditorialProfile preset,No technical confirmation,ReportSnapshot.editorial_profile,PRESENTATION_ONLY,frontend/src/workspaces/ReportFoundationView.tsx:548
EditorialProfile.heading_space_before_pt,number input via field()/heading() helper,Existing product preset / explicit typography preference,No,No,Existing EditorialProfile preset,No technical confirmation,ReportSnapshot.editorial_profile,PRESENTATION_ONLY,frontend/src/workspaces/ReportFoundationView.tsx:549
EditorialProfile.heading_space_after_pt,number input via field()/heading() helper,Existing product preset / explicit typography preference,No,No,Existing EditorialProfile preset,No technical confirmation,ReportSnapshot.editorial_profile,PRESENTATION_ONLY,frontend/src/workspaces/ReportFoundationView.tsx:550
EditorialProfile.table_font_pt,number input via field()/heading() helper,Existing product preset / explicit typography preference,No,No,Existing EditorialProfile preset,No technical confirmation,ReportSnapshot.editorial_profile,PRESENTATION_ONLY,frontend/src/workspaces/ReportFoundationView.tsx:553
EditorialProfile.caption_font_pt,number input via field()/heading() helper,Existing product preset / explicit typography preference,No,No,Existing EditorialProfile preset,No technical confirmation,ReportSnapshot.editorial_profile,PRESENTATION_ONLY,frontend/src/workspaces/ReportFoundationView.tsx:554
EditorialProfile.margin_top_cm,number input via field()/heading() helper,Existing product preset / explicit typography preference,No,No,Existing EditorialProfile preset,No technical confirmation,ReportSnapshot.editorial_profile,PRESENTATION_ONLY,frontend/src/workspaces/ReportFoundationView.tsx:555
EditorialProfile.margin_bottom_cm,number input via field()/heading() helper,Existing product preset / explicit typography preference,No,No,Existing EditorialProfile preset,No technical confirmation,ReportSnapshot.editorial_profile,PRESENTATION_ONLY,frontend/src/workspaces/ReportFoundationView.tsx:556
EditorialProfile.margin_left_cm,number input via field()/heading() helper,Existing product preset / explicit typography preference,No,No,Existing EditorialProfile preset,No technical confirmation,ReportSnapshot.editorial_profile,PRESENTATION_ONLY,frontend/src/workspaces/ReportFoundationView.tsx:557
EditorialProfile.margin_right_cm,number input via field()/heading() helper,Existing product preset / explicit typography preference,No,No,Existing EditorialProfile preset,No technical confirmation,ReportSnapshot.editorial_profile,PRESENTATION_ONLY,frontend/src/workspaces/ReportFoundationView.tsx:558
ReportReview.reason,textarea,Current report and professional review,No,No,Prior review visible; never current approval,Yes: current revision,ReportSnapshot.review_decisions,PROFESSIONAL_DECISION,frontend/src/workspaces/ReportReviewView.tsx:65
SITE_LOCATION.map_link_or_coordinates,textarea,Confirmed site / supplied coordinate source,Supported coordinate/link parser,Normalize coordinates/display,Existing SITE_LOCATION only; future PropertyRecord references it,Yes: actual site,SITE_LOCATION_V1,PROPERTY_RECORD,frontend/src/workspaces/SiteLocationPanel.tsx:92
SITE_LOCATION.address_label,text input,Confirmed site / supplied coordinate source,Candidate from actual site document,No address inference from coordinates,Existing address_label; not party correspondence address,Yes: actual site,SITE_LOCATION_V1,PROPERTY_RECORD,frontend/src/workspaces/SiteLocationPanel.tsx:93
SITE_LOCATION.note,text input,Confirmed site / supplied coordinate source,No,No,Existing SITE_LOCATION only,Yes: actual site,SITE_LOCATION_V1,PROPERTY_RECORD,frontend/src/workspaces/SiteLocationPanel.tsx:94
TechnicalFindingsView.proposition,textarea,Actual inspection/analysis evidence and judgment,No automatic conclusion,No,Existing evidence/method/finding ids,Yes,TechnicalSnapshot,PROFESSIONAL_DECISION,frontend/src/workspaces/TechnicalFindingsView.tsx:67
TechnicalFindingsView.relevance,textarea,Actual inspection/analysis evidence and judgment,No automatic conclusion,No,Existing evidence/method/finding ids,Yes,TechnicalSnapshot,PROFESSIONAL_DECISION,frontend/src/workspaces/TechnicalFindingsView.tsx:67
TechnicalFindingsView.sourceId,select,Actual inspection/analysis evidence and judgment,No automatic conclusion,Available options from current snapshots,Existing source/evidence/method/finding catalog; preserve type/revision,Yes,TechnicalSnapshot,PROFESSIONAL_DECISION,frontend/src/workspaces/TechnicalFindingsView.tsx:67
TechnicalFindingsView.sourceKind,select,Actual inspection/analysis evidence and judgment,No automatic conclusion,Available options from current snapshots,Existing source/evidence/method/finding catalog; preserve type/revision,Yes,TechnicalSnapshot,PROFESSIONAL_DECISION,frontend/src/workspaces/TechnicalFindingsView.tsx:67
TechnicalFindingsView.evidenceAction,select,Actual inspection/analysis evidence and judgment,No automatic conclusion,No,Existing evidence/method/finding ids,Yes,TechnicalSnapshot,PROFESSIONAL_DECISION,frontend/src/workspaces/TechnicalFindingsView.tsx:70
TechnicalFindingsView.evidenceId,select,Actual inspection/analysis evidence and judgment,No automatic conclusion,Available options from current snapshots,Existing source/evidence/method/finding catalog; preserve type/revision,Yes,TechnicalSnapshot,PROFESSIONAL_DECISION,frontend/src/workspaces/TechnicalFindingsView.tsx:70
TechnicalFindingsView.professional,editable identity; prefilled from workspace profile,Existing ExpertMasterProfile.profile_id (workspace-scoped today),No,Server-owned identity; no routine manual ID entry,Existing useExpertIdentity/usePrefilledProfessional,Choose actual acting professional; reuse own profile,ExpertMasterProfile identity reference,MASTER_PROFILE,frontend/src/workspaces/TechnicalFindingsView.tsx:70
TechnicalFindingsView.reason,textarea,Actual inspection/analysis evidence and judgment,No automatic conclusion,No,Existing evidence/method/finding ids,Yes,TechnicalSnapshot,PROFESSIONAL_DECISION,frontend/src/workspaces/TechnicalFindingsView.tsx:70
TechnicalFindingsView.method,text input,Actual selected method and applied procedure,No automatic conclusion,No,InspectionSession.methods[] if same application; otherwise explicit new method choice,Yes,TechnicalSnapshot,PROFESSIONAL_DECISION,frontend/src/workspaces/TechnicalFindingsView.tsx:73
TechnicalFindingsView.methodEvidenceId,select,Actual inspection/analysis evidence and judgment,No automatic conclusion,Available options from current snapshots,Existing source/evidence/method/finding catalog; preserve type/revision,Yes,TechnicalSnapshot,PROFESSIONAL_DECISION,frontend/src/workspaces/TechnicalFindingsView.tsx:73
TechnicalFindingsView.methodProfessional,editable identity; prefilled from workspace profile,Existing ExpertMasterProfile.profile_id (workspace-scoped today),No,Server-owned identity; no routine manual ID entry,Existing useExpertIdentity/usePrefilledProfessional,Choose actual acting professional; reuse own profile,ExpertMasterProfile identity reference,MASTER_PROFILE,frontend/src/workspaces/TechnicalFindingsView.tsx:73
TechnicalFindingsView.output,textarea,Actual method output with premises,No automatic conclusion,Only supported deterministic method calculation,Existing measurement/application output for same event,Yes,TechnicalSnapshot,PROFESSIONAL_DECISION,frontend/src/workspaces/TechnicalFindingsView.tsx:73
TechnicalFindingsView.procedure,textarea,Actual selected method and applied procedure,No automatic conclusion,No,InspectionSession.methods[] if same application; otherwise explicit new method choice,Yes,TechnicalSnapshot,PROFESSIONAL_DECISION,frontend/src/workspaces/TechnicalFindingsView.tsx:73
TechnicalFindingsView.limitation,textarea,Actual inspection/analysis evidence and judgment,No automatic conclusion,No,Existing evidence/method/finding ids,Yes,TechnicalSnapshot,PROFESSIONAL_DECISION,frontend/src/workspaces/TechnicalFindingsView.tsx:76
TechnicalFindingsView.methodId,select,Actual inspection/analysis evidence and judgment,No automatic conclusion,Available options from current snapshots,Existing source/evidence/method/finding catalog; preserve type/revision,Yes,TechnicalSnapshot,PROFESSIONAL_DECISION,frontend/src/workspaces/TechnicalFindingsView.tsx:76
TechnicalFindingsView.proposal,textarea,Actual inspection/analysis evidence and judgment,No automatic conclusion,No,Existing evidence/method/finding ids,Yes,TechnicalSnapshot,PROFESSIONAL_DECISION,frontend/src/workspaces/TechnicalFindingsView.tsx:76
TechnicalFindingsView.scope,textarea,Actual inspection/analysis evidence and judgment,No automatic conclusion,No,Existing evidence/method/finding ids,Yes,TechnicalSnapshot,PROFESSIONAL_DECISION,frontend/src/workspaces/TechnicalFindingsView.tsx:76
TechnicalFindingsView.uncertainty,textarea,Actual inspection/analysis evidence and judgment,No automatic conclusion,No,Existing evidence/method/finding ids,Yes,TechnicalSnapshot,PROFESSIONAL_DECISION,frontend/src/workspaces/TechnicalFindingsView.tsx:76
TechnicalFindingsView.uncertaintyImpact,textarea,Actual inspection/analysis evidence and judgment,No automatic conclusion,No,Existing evidence/method/finding ids,Yes,TechnicalSnapshot,PROFESSIONAL_DECISION,frontend/src/workspaces/TechnicalFindingsView.tsx:76
TechnicalFindingsView.reviewAction,select,Actual inspection/analysis evidence and judgment,No automatic conclusion,No,Existing evidence/method/finding ids,Yes,TechnicalSnapshot,PROFESSIONAL_DECISION,frontend/src/workspaces/TechnicalFindingsView.tsx:79
TechnicalFindingsView.reviewModified,textarea,Actual inspection/analysis evidence and judgment,No automatic conclusion,No,Existing evidence/method/finding ids,Yes,TechnicalSnapshot,PROFESSIONAL_DECISION,frontend/src/workspaces/TechnicalFindingsView.tsx:79
TechnicalFindingsView.reviewProfessional,editable identity; prefilled from workspace profile,Existing ExpertMasterProfile.profile_id (workspace-scoped today),No,Server-owned identity; no routine manual ID entry,Existing useExpertIdentity/usePrefilledProfessional,Choose actual acting professional; reuse own profile,ExpertMasterProfile identity reference,MASTER_PROFILE,frontend/src/workspaces/TechnicalFindingsView.tsx:79
TechnicalFindingsView.reviewProposal,select,Actual inspection/analysis evidence and judgment,No automatic conclusion,Available options from current snapshots,Existing source/evidence/method/finding catalog; preserve type/revision,Yes,TechnicalSnapshot,PROFESSIONAL_DECISION,frontend/src/workspaces/TechnicalFindingsView.tsx:79
TechnicalFindingsView.reviewReason,textarea,Actual inspection/analysis evidence and judgment,No automatic conclusion,No,Existing evidence/method/finding ids,Yes,TechnicalSnapshot,PROFESSIONAL_DECISION,frontend/src/workspaces/TechnicalFindingsView.tsx:79
TechnicalReview.resolve_conflicts,checkbox,Actual inspection/analysis evidence and judgment,No automatic conclusion,No automatic conflict resolution,Existing evidence/method/finding ids,Yes: explicit professional decision,TechnicalSnapshot,PROFESSIONAL_DECISION,frontend/src/workspaces/TechnicalFindingsView.tsx:79
Workspace.display_name,text input,User organizational label,Optional suggestion from ProcessCase,No,Existing workspace name,No technical confirmation,Workspace.display_name,PRESENTATION_ONLY,frontend/src/workspaces/WorkspaceDirectory.tsx:198
Recovery.backup_file,local file picker,Verified local backup / user recovery choice,Backup manifest only,Validation/digests,Existing staged recovery state,Operational confirmation,Recovery operation,CASE_FORM,frontend/src/workspaces/WorkspaceRecoveryView.tsx:363
Recovery.promote_confirmation,checkbox,Current explicit user recovery promotion decision,No,No,No: current operation needs explicit choice,"Operational confirmation, not technical judgment",Recovery operation,PROFESSIONAL_DECISION,frontend/src/workspaces/WorkspaceRecoveryView.tsx:417
